FIRST_NAME,LAST_NAME,DOB,EMAIL,EMPLOYEE_ID,GENDER,MEMBER_TYPE,PHONE,EXTERNAL_COMPANY_ID,ADDRESS,FAMILY_CODE,LUNCH,CAR
John,Kumar,4/22/1971,qatest+jk-2025,100000X,Female,Main Member,8888888888,CompanyX,555 Pine Rd,100000X,Salad,
Harold,Kumar,4/22/1971,qatest+hk-2025,233649,Female,Main Member,8888888888,CompanyA,333 Pine Rd,233649,Salad,
Jimmy,John,4/22/1971,qatest+jimmyjohn-2025,233650,Female,Main Member,8888888888,CompanyA,123 Pine Rd,233650,Salad,
Thomas,Allen,4/22/1971,qatest+thomasallen51351@2nd.md,233651,Female,Main Member,7547210957,CompanyA,789 Pine Rd,233651,Salad,
Linda,Harris,7/22/1990,,181784,Female,Main Member,6710684369,CompanyA,123 Main St,181784,Burger,Mercedes
Robert,Scott,3/29/1991,qatest+robertscott95394@2nd.md,405848,Male,Main Member,2651845441,CompanyA,369 Spruce Pl,405848,Sandwich,Toyota
Kenneth,Carter,3/5/1986,qatest+kennethcarter17736@2nd.md,155135,Female,Main Member,1035026537,CompanyA,123 Main St,155135,,BMW
Thomas,White,7/5/1990,qatest+thomaswhite71514@2nd.md,111907,Male,Main Member,3133120668,CompanyA,789 Pine Rd,111907,,Chevrolet
Susan,Clark,6/12/1981,qatest+susanclark46931@2nd.md,303265,Male,Main Member,2830352728,CompanyA,321 Cedar Ln,303265,Burger,
Jessica,Allen,5/24/1985,qatest+jessicaallen48693@2nd.md,411215,Male,Main Member,4222913841,CompanyA,852 Willow Way,411215,Sushi,Ford
David,Martin,11/8/1973,qatest+davidmartin28271@2nd.md,336985,Male,Main Member,7191014500,CompanyA,321 Cedar Ln,336985,Pizza,Ford
William,Young,10/27/1981,qatest+williamyoung94202@2nd.md,448744,Male,Main Member,2037044540,CompanyA,987 Maple Dr,448744,Sushi,
Melissa,Young,9/25/2008,qatest+melissayoung23131@2nd.md,448744D01,Male,Dependent,5294232196,CompanyA,987 Maple Dr,448744,Sushi,
Paul,Young,5/23/1975,qatest+paulyoung81524@2nd.md,448744D02,Male,Dependent,3139141828,CompanyA,987 Maple Dr,448744,Sushi,
Anthony,Thompson,3/11/1985,qatest+anthonythompson79767@2nd.md,151515,Male,Main Member,2408358085,CompanyA,789 Pine Rd,151515,Burger,Audi
Kenneth,Thompson,12/26/1981,qatest+kenneththompson97261@2nd.md,151515D01,Male,Dependent,2593629867,CompanyA,789 Pine Rd,151515,Burger,Audi
Kenneth,Thompson,6/6/1989,qatest+kenneththompson11399@2nd.md,151515D02,Male,Dependent,5813360390,CompanyA,789 Pine Rd,151515,Burger,Audi
Heather,Smith,1/12/1975,qatest+heathersmith46215@2nd.md,411689,Male,Main Member,5334069183,CompanyA,321 Cedar Ln,411689,Pizza,Mercedes
Stephanie,White,9/29/1983,qatest+stephaniewhite49155@2nd.md,573220,Male,Main Member,9912815418,CompanyA,852 Willow Way,573220,Rice,Honda
Joshua,Clark,4/5/2001,qatest+joshuaclark72030@2nd.md,740178,Male,Main Member,3388500982,CompanyA,159 Ash St,740178,Taco,Honda
Angela,Clark,2/27/1997,qatest+angelaclark34348@2nd.md,740178D01,Male,Dependent,2294811492,CompanyA,159 Ash St,740178,Taco,Honda
Matthew,Clark,7/14/2001,qatest+matthewclark13716@2nd.md,740178D02,Male,Dependent,7512188971,CompanyA,159 Ash St,740178,Taco,Honda
Matthew,Clark,10/2/2010,qatest+matthewclark73132@2nd.md,740178D03,Male,Dependent,8060194871,CompanyA,159 Ash St,740178,Taco,Honda
David,Brown,4/25/1969,qatest+davidbrown13518@2nd.md,720093,Male,Main Member,2891513711,CompanyA,741 Birch Ct,720093,Burger,Audi
Charles,Jones,11/23/2008,qatest+charlesjones69688@2nd.md,979515,Male,Main Member,9220623796,CompanyA,654 Elm Blvd,979515,Rice,Nissan
Mary,Jones,6/1/2013,qatest+maryjones95273@2nd.md,979515D01,Female,Dependent,4171615988,CompanyA,654 Elm Blvd,979515,Rice,Nissan
Karen,Jones,4/21/2004,qatest+karenjones68336@2nd.md,979515D02,Male,Dependent,1964471349,CompanyA,654 Elm Blvd,979515,Rice,Nissan
Joseph,Jones,10/21/1995,qatest+josephjones20395@2nd.md,979515D03,Female,Dependent,4851282887,CompanyA,654 Elm Blvd,979515,Rice,Nissan
Stephanie,Williams,11/22/2006,qatest+stephaniewilliams45814@2nd.md,670341,Male,Main Member,1231611704,CompanyA,741 Birch Ct,670341,Wrap,Audi
Stephanie,Williams,2/20/2006,qatest+stephaniewilliams53138@2nd.md,670341D01,Female,Dependent,3313992048,CompanyA,741 Birch Ct,670341,Wrap,Audi
Angela,Williams,7/7/1972,qatest+angelawilliams70100@2nd.md,670341D02,Female,Dependent,3053506370,CompanyA,741 Birch Ct,670341,Wrap,Audi
Paul,Scott,12/29/1996,qatest+paulscott88979@2nd.md,324658,Female,Main Member,6901499776,CompanyA,369 Spruce Pl,324658,,BMW
Amber,Wilson,2/2/1991,qatest+amberwilson75603@2nd.md,209315,Male,Main Member,5398030831,CompanyA,321 Cedar Ln,209315,Pasta,Chevrolet
Jessica,Taylor,5/26/1974,qatest+jessicataylor97817@2nd.md,374989,Male,Main Member,9083523856,CompanyA,321 Cedar Ln,374989,Salad,Chevrolet
Joshua,Taylor,10/21/1964,qatest+joshuataylor59526@2nd.md,374989D01,Male,Dependent,6006013848,CompanyA,321 Cedar Ln,374989,Salad,Chevrolet
William,Martin,1/27/1997,qatest+williammartin61942@2nd.md,646855,Female,Main Member,5725292206,CompanyA,741 Birch Ct,646855,Rice,Chevrolet
Linda,Lee,10/19/1966,qatest+lindalee83344@2nd.md,566836,Female,Main Member,7519630352,CompanyA,456 Oak Ave,566836,Wrap,Nissan
John,Davis,3/29/2015,qatest+johndavis11293@2nd.md,500203,Female,Main Member,1599340021,CompanyA,654 Elm Blvd,500203,Wrap,Toyota
Angela,Carter,4/25/1985,qatest+angelacarter96308@2nd.md,111414,Female,Main Member,9361650297,CompanyA,654 Elm Blvd,111414,Sushi,Nissan
Michelle,Wilson,11/12/1964,qatest+michellewilson90353@2nd.md,259198,Female,Main Member,9964360110,CompanyA,654 Elm Blvd,259198,Pasta,
James,Hill,1/7/1961,qatest+jameshill48324@2nd.md,566435,Female,Main Member,9495888572,CompanyA,852 Willow Way,566435,Taco,BMW
Kenneth,Hill,10/8/2012,qatest+kennethhill29120@2nd.md,566435D01,Female,Dependent,9238439510,CompanyA,852 Willow Way,566435,Taco,BMW
Andrew,Hill,2/19/2009,qatest+andrewhill94063@2nd.md,566435D02,Male,Dependent,1073933539,CompanyA,852 Willow Way,566435,Taco,BMW
Thomas,Hill,5/8/1974,qatest+thomashill84737@2nd.md,566435D03,Female,Dependent,3510150479,CompanyA,852 Willow Way,566435,Taco,BMW
Anthony,Lewis,1/20/1982,qatest+anthonylewis14747@2nd.md,378131,Female,Main Member,7987871724,CompanyA,852 Willow Way,378131,Burger,Audi
Jennifer,Lewis,7/28/1971,qatest+jenniferlewis10133@2nd.md,378131D01,Female,Dependent,8398972167,CompanyA,852 Willow Way,378131,Burger,Audi
Patricia,Lewis,1/31/1990,qatest+patricialewis20978@2nd.md,378131D02,Female,Dependent,4209280042,CompanyA,852 Willow Way,378131,Burger,Audi
Elizabeth,Robinson,10/18/1980,qatest+elizabethrobinson52567@2nd.md,315470,Male,Main Member,7130747584,CompanyA,123 Main St,315470,,
Michael,Robinson,1/25/1983,qatest+michaelrobinson71118@2nd.md,315470D01,Male,Dependent,4600136723,CompanyA,123 Main St,315470,,
David,Robinson,4/7/2008,qatest+davidrobinson10575@2nd.md,315470D02,Female,Dependent,7516265216,CompanyA,123 Main St,315470,,
Heather,Baker,5/29/1968,qatest+heatherbaker98520@2nd.md,431076,Female,Main Member,7465103344,CompanyA,369 Spruce Pl,431076,Taco,Nissan
Angela,Baker,6/10/1977,qatest+angelabaker28108@2nd.md,431076D01,Male,Dependent,3847631761,CompanyA,369 Spruce Pl,431076,Taco,Nissan
Michael,Baker,10/21/1990,qatest+michaelbaker38795@2nd.md,431076D02,Female,Dependent,4241772000,CompanyA,369 Spruce Pl,431076,Taco,Nissan
Richard,Thompson,10/15/1990,qatest+richardthompson80935@2nd.md,933542,Male,Main Member,5204734197,CompanyA,369 Spruce Pl,933542,Taco,Honda
Barbara,Thompson,9/13/1964,qatest+barbarathompson51503@2nd.md,933542D01,Male,Dependent,8026649090,CompanyA,369 Spruce Pl,933542,Taco,Honda
Daniel,Thompson,2/15/1971,qatest+danielthompson55864@2nd.md,933542D02,Male,Dependent,3827085705,CompanyA,369 Spruce Pl,933542,Taco,Honda
Amber,Thompson,1/18/1973,qatest+amberthompson62579@2nd.md,933542D03,Female,Dependent,1573645913,CompanyA,369 Spruce Pl,933542,Taco,Honda
Michael,Walker,12/5/1974,qatest+michaelwalker10583@2nd.md,767540,Female,Main Member,3762382333,CompanyA,741 Birch Ct,767540,Wrap,Ford
Linda,Lopez,4/14/1978,qatest+lindalopez37272@2nd.md,315340,Female,Main Member,6067021001,CompanyA,987 Maple Dr,315340,Rice,Nissan
Paul,Lopez,6/3/2011,qatest+paullopez56935@2nd.md,315340D01,Female,Dependent,2729160471,CompanyA,987 Maple Dr,315340,Rice,Nissan
Karen,Lopez,10/10/2006,qatest+karenlopez78519@2nd.md,315340D02,Male,Dependent,3538361470,CompanyA,987 Maple Dr,315340,Rice,Nissan
Kimberly,Green,5/5/1980,qatest+kimberlygreen69151@2nd.md,783502,Male,Main Member,4056199328,CompanyA,654 Elm Blvd,783502,Salad,
Charles,White,3/11/2000,qatest+charleswhite43842@2nd.md,301515,Female,Main Member,8597573225,CompanyA,123 Main St,301515,Burger,Toyota
Kimberly,Johnson,2/3/2009,qatest+kimberlyjohnson30744@2nd.md,295732,Female,Main Member,6591117881,CompanyA,321 Cedar Ln,295732,Pasta,
Joshua,King,3/4/1975,qatest+joshuaking27518@2nd.md,225248,Female,Main Member,4230251143,CompanyA,321 Cedar Ln,225248,Taco,Chevrolet
Anthony,Clark,8/2/1975,qatest+anthonyclark17586@2nd.md,114965,Female,Main Member,3901830717,CompanyA,987 Maple Dr,114965,Pizza,Chevrolet
Lisa,Lee,6/29/1967,qatest+lisalee53014@2nd.md,339321,Female,Main Member,2883917143,CompanyA,321 Cedar Ln,339321,Wrap,
Jennifer,Lee,9/1/2009,qatest+jenniferlee62403@2nd.md,514047,Female,Main Member,2184181070,CompanyA,789 Pine Rd,514047,,Honda
Jennifer,Young,9/23/1989,qatest+jenniferyoung18219@2nd.md,884377,Female,Main Member,2690451470,CompanyA,741 Birch Ct,884377,Burger,Toyota
Stephanie,Robinson,2/27/1996,qatest+stephanierobinson16192@2nd.md,263118,Male,Main Member,4728533747,CompanyA,987 Maple Dr,263118,Sandwich,BMW
David,Moore,5/7/1984,qatest+davidmoore52806@2nd.md,713350,Female,Main Member,8930236566,CompanyA,123 Main St,713350,,BMW
Andrew,Miller,12/19/1980,qatest+andrewmiller48403@2nd.md,274719,Female,Main Member,5383067623,CompanyA,321 Cedar Ln,274719,Burger,Ford
William,Miller,5/23/2012,qatest+williammiller42413@2nd.md,274719D01,Female,Dependent,2011556168,CompanyA,321 Cedar Ln,274719,Burger,Ford
James,Miller,11/14/1973,qatest+jamesmiller82609@2nd.md,274719D02,Female,Dependent,4208012819,CompanyA,321 Cedar Ln,274719,Burger,Ford
Thomas,Smith,5/20/2013,qatest+thomassmith85855@2nd.md,405779,Female,Main Member,4585893397,CompanyA,987 Maple Dr,405779,Taco,Ford
Michael,Smith,11/13/1998,qatest+michaelsmith69100@2nd.md,405779D01,Male,Dependent,6400095165,CompanyA,987 Maple Dr,405779,Taco,Ford
Charles,Smith,6/1/1975,qatest+charlessmith24421@2nd.md,405779D02,Female,Dependent,2765021991,CompanyA,987 Maple Dr,405779,Taco,Ford
Susan,Jones,6/3/1998,qatest+susanjones44480@2nd.md,845667,Female,Main Member,8682976819,CompanyA,321 Cedar Ln,845667,Rice,Mercedes
Jennifer,Hill,3/8/1965,qatest+jenniferhill75876@2nd.md,381364,Male,Main Member,1600686050,CompanyA,987 Maple Dr,381364,Pizza,
Nicole,Hill,12/8/1983,qatest+nicolehill38680@2nd.md,381364D01,Female,Dependent,7155397796,CompanyA,987 Maple Dr,381364,Pizza,
Karen,Hill,4/19/2001,qatest+karenhill76694@2nd.md,381364D02,Female,Dependent,5256224183,CompanyA,987 Maple Dr,381364,Pizza,
Matthew,Hill,1/21/1975,qatest+matthewhill65181@2nd.md,381364D03,Female,Dependent,6960680007,CompanyA,987 Maple Dr,381364,Pizza,
William,Taylor,12/3/2012,qatest+williamtaylor78624@2nd.md,289411,Female,Main Member,4752810180,CompanyA,456 Oak Ave,289411,Salad,Toyota
John,Johnson,11/13/1986,qatest+johnjohnson98041@2nd.md,364190,Male,Main Member,8754327876,CompanyA,789 Pine Rd,364190,Taco,Honda
Michael,Johnson,1/26/1961,qatest+michaeljohnson35832@2nd.md,364190D01,Male,Dependent,1606019765,CompanyA,789 Pine Rd,364190,Taco,Honda
Angela,Johnson,12/4/1982,qatest+angelajohnson59372@2nd.md,364190D02,Male,Dependent,2581564312,CompanyA,789 Pine Rd,364190,Taco,Honda
Linda,Anderson,3/25/1976,qatest+lindaanderson71858@2nd.md,829348,Male,Main Member,3812654698,CompanyA,321 Cedar Ln,829348,Sandwich,Toyota
Mary,Young,10/3/1985,qatest+maryyoung72694@2nd.md,613055,Female,Main Member,2689912997,CompanyA,321 Cedar Ln,613055,,Nissan
Amanda,Young,2/5/2012,qatest+amandayoung61459@2nd.md,613055D01,Male,Dependent,4653218146,CompanyA,321 Cedar Ln,613055,,Nissan
Sarah,Young,2/19/1995,qatest+sarahyoung85299@2nd.md,613055D02,Male,Dependent,8482437933,CompanyA,321 Cedar Ln,613055,,Nissan
Mary,Young,3/30/2015,qatest+maryyoung66424@2nd.md,613055D03,Male,Dependent,4424187679,CompanyA,321 Cedar Ln,613055,,Nissan
Kimberly,Nelson,4/19/1965,qatest+kimberlynelson48314@2nd.md,327882,Female,Main Member,1383837147,CompanyA,123 Main St,327882,,
Robert,Harris,6/19/2004,qatest+robertharris84697@2nd.md,664840,Female,Main Member,4565391629,CompanyA,369 Spruce Pl,664840,Taco,BMW
Joseph,Harris,7/3/1964,qatest+josephharris75693@2nd.md,664840D01,Female,Dependent,8934997059,CompanyA,369 Spruce Pl,664840,Taco,BMW
Paul,Harris,10/5/1977,qatest+paulharris50722@2nd.md,664840D02,Female,Dependent,5360980431,CompanyA,369 Spruce Pl,664840,Taco,BMW
Barbara,Harris,3/5/2001,qatest+barbaraharris15609@2nd.md,664840D03,Male,Dependent,7170714854,CompanyA,369 Spruce Pl,664840,Taco,BMW
David,Nelson,3/20/1990,qatest+davidnelson26103@2nd.md,817351,Female,Main Member,4421974601,CompanyA,159 Ash St,817351,Rice,
Linda,Miller,8/8/1968,qatest+lindamiller39614@2nd.md,718603,Female,Main Member,9864892873,CompanyA,159 Ash St,718603,Sandwich,Audi
Richard,Green,10/15/1961,qatest+richardgreen45981@2nd.md,494913,Female,Main Member,8560184572,CompanyA,789 Pine Rd,494913,Wrap,Nissan
Sarah,Green,3/20/1977,qatest+sarahgreen46008@2nd.md,494913D01,Male,Dependent,2544645561,CompanyA,789 Pine Rd,494913,Wrap,Nissan
Barbara,Lopez,4/22/1969,qatest+barbaralopez96421@2nd.md,300047,Female,Main Member,8930254765,CompanyA,852 Willow Way,300047,Sandwich,Tesla
Jessica,Walker,1/30/1964,qatest+jessicawalker58277@2nd.md,792333,Female,Main Member,1564299618,CompanyA,789 Pine Rd,792333,Burger,Mercedes
Karen,Lee,8/26/1966,qatest+karenlee53415@2nd.md,851735,Male,Main Member,9426683460,CompanyA,741 Birch Ct,851735,Rice,Toyota
Linda,Johnson,4/19/2000,qatest+lindajohnson61474@2nd.md,273673,Female,Main Member,4443156821,CompanyB,369 Spruce Pl,273673,Pasta,Mercedes
Angela,Johnson,2/14/1991,qatest+angelajohnson27673@2nd.md,273673D01,Female,Dependent,5265158407,CompanyB,369 Spruce Pl,273673,Pasta,Mercedes
Joshua,Johnson,1/3/1975,qatest+joshuajohnson87057@2nd.md,273673D02,Female,Dependent,4766741943,CompanyB,369 Spruce Pl,273673,Pasta,Mercedes
Joseph,Johnson,1/4/1998,qatest+josephjohnson67508@2nd.md,273673D03,Male,Dependent,4397008526,CompanyB,369 Spruce Pl,273673,Pasta,Mercedes
Linda,Jackson,1/25/2001,qatest+lindajackson35907@2nd.md,375892,Male,Main Member,4841135113,CompanyB,369 Spruce Pl,375892,Wrap,Toyota
Patricia,Jackson,9/5/1984,qatest+patriciajackson80253@2nd.md,375892D01,Male,Dependent,7517889202,CompanyB,369 Spruce Pl,375892,Wrap,Toyota
Angela,Jackson,9/2/1970,qatest+angelajackson61668@2nd.md,375892D02,Male,Dependent,7028298059,CompanyB,369 Spruce Pl,375892,Wrap,Toyota
Amanda,Hill,6/29/1963,qatest+amandahill39137@2nd.md,432708,Male,Main Member,8339588016,CompanyB,321 Cedar Ln,432708,Salad,Audi
Andrew,Hill,5/11/1996,qatest+andrewhill45533@2nd.md,432708D01,Female,Dependent,6186457018,CompanyB,321 Cedar Ln,432708,Salad,Audi
Anthony,Hernandez,1/31/1975,qatest+anthonyhernandez87831@2nd.md,141120,Male,Main Member,7380235374,CompanyB,654 Elm Blvd,141120,,Toyota
Kimberly,Moore,12/26/2011,qatest+kimberlymoore57031@2nd.md,775184,Female,Main Member,3994903158,CompanyB,456 Oak Ave,775184,Rice,Honda
Daniel,Lee,11/9/1965,qatest+daniellee93447@2nd.md,726523,Male,Main Member,4381444004,CompanyB,741 Birch Ct,726523,Rice,Mercedes
Melissa,Taylor,1/3/1996,qatest+melissataylor25594@2nd.md,622693,Male,Main Member,7029273353,CompanyB,321 Cedar Ln,622693,Pizza,BMW
Michael,Taylor,3/4/1980,qatest+michaeltaylor26845@2nd.md,622693D01,Male,Dependent,7057345135,CompanyB,321 Cedar Ln,622693,Pizza,BMW
Jessica,Taylor,5/27/2013,qatest+jessicataylor19359@2nd.md,622693D02,Male,Dependent,3803509910,CompanyB,321 Cedar Ln,622693,Pizza,BMW
Robert,Baker,10/29/1971,qatest+robertbaker51858@2nd.md,871319,Female,Main Member,5120029525,CompanyB,321 Cedar Ln,871319,Salad,Tesla
Kenneth,Davis,11/14/1985,qatest+kennethdavis73558@2nd.md,498765,Female,Main Member,5962730711,CompanyB,654 Elm Blvd,498765,Pizza,Audi
Lisa,Hall,3/11/1978,qatest+lisahall95953@2nd.md,864118,Male,Main Member,5775121332,CompanyB,159 Ash St,864118,Salad,
Joseph,Martinez,5/7/1964,qatest+josephmartinez21012@2nd.md,251501,Female,Main Member,1102395167,CompanyB,369 Spruce Pl,251501,Salad,Tesla
Lisa,Scott,6/18/1983,qatest+lisascott20520@2nd.md,810992,Male,Main Member,2171010574,CompanyB,159 Ash St,810992,Sushi,BMW
Michael,Scott,5/31/1977,qatest+michaelscott56505@2nd.md,810992D01,Female,Dependent,9369133869,CompanyB,159 Ash St,810992,Sushi,BMW
Andrew,Scott,1/4/1975,qatest+andrewscott44457@2nd.md,810992D02,Female,Dependent,7304469617,CompanyB,159 Ash St,810992,Sushi,BMW
Michelle,Scott,7/1/1966,qatest+michellescott85129@2nd.md,810992D03,Male,Dependent,2521444319,CompanyB,159 Ash St,810992,Sushi,BMW
Mary,Wright,6/26/1980,qatest+marywright97914@2nd.md,249119,Male,Main Member,4793300938,CompanyB,789 Pine Rd,249119,Taco,Toyota
Sarah,Thompson,4/14/2015,qatest+sarahthompson44832@2nd.md,922320,Male,Main Member,7474683259,CompanyB,123 Main St,922320,Pasta,Chevrolet
Paul,Taylor,11/14/2005,qatest+paultaylor31755@2nd.md,800862,Female,Main Member,1093091931,CompanyB,987 Maple Dr,800862,Salad,BMW
Heather,Taylor,6/4/1988,qatest+heathertaylor64537@2nd.md,800862D01,Female,Dependent,7933849200,CompanyB,987 Maple Dr,800862,Salad,BMW
John,Taylor,6/9/1967,qatest+johntaylor51293@2nd.md,800862D02,Female,Dependent,6442906767,CompanyB,987 Maple Dr,800862,Salad,BMW
Joseph,Jackson,11/7/2014,qatest+josephjackson45614@2nd.md,802246,Female,Main Member,5171014005,CompanyB,321 Cedar Ln,802246,Sushi,Nissan
Michael,Thomas,6/14/1999,qatest+michaelthomas39600@2nd.md,544424,Male,Main Member,9018623501,CompanyB,741 Birch Ct,544424,,Honda
Paul,Johnson,7/16/1965,qatest+pauljohnson12539@2nd.md,607707,Female,Main Member,8468734664,CompanyB,123 Main St,607707,,Audi
Paul,Wright,5/14/2009,qatest+paulwright86171@2nd.md,370904,Male,Main Member,5455960186,CompanyB,741 Birch Ct,370904,Sushi,Tesla
Charles,Lewis,7/28/1988,qatest+charleslewis68105@2nd.md,921170,Female,Main Member,8435842585,CompanyB,369 Spruce Pl,921170,Sandwich,Tesla
Robert,Lewis,9/20/1984,qatest+robertlewis90896@2nd.md,921170D01,Female,Dependent,4161932620,CompanyB,369 Spruce Pl,921170,Sandwich,Tesla
Michelle,Lopez,6/16/1970,qatest+michellelopez99714@2nd.md,702693,Male,Main Member,1558231380,CompanyB,852 Willow Way,702693,Pasta,Toyota
Michael,Lopez,5/9/2004,qatest+michaellopez31562@2nd.md,702693D01,Female,Dependent,3795940813,CompanyB,852 Willow Way,702693,Pasta,Toyota
Michael,Wilson,2/9/1971,qatest+michaelwilson77412@2nd.md,160862,Male,Main Member,5611830068,CompanyB,456 Oak Ave,160862,Sushi,Toyota
Amber,Nelson,9/15/1975,qatest+ambernelson45164@2nd.md,344751,Male,Main Member,8847484821,CompanyB,987 Maple Dr,344751,Pizza,
Elizabeth,Moore,4/24/1968,qatest+elizabethmoore54899@2nd.md,784501,Male,Main Member,7385865486,CompanyB,741 Birch Ct,784501,Taco,Ford
Paul,Moore,10/20/1985,qatest+paulmoore18272@2nd.md,784501D01,Female,Dependent,8692457138,CompanyB,741 Birch Ct,784501,Taco,Ford
Kimberly,Moore,3/28/2000,qatest+kimberlymoore86044@2nd.md,784501D02,Female,Dependent,3262204251,CompanyB,741 Birch Ct,784501,Taco,Ford
Amanda,Taylor,5/23/2002,qatest+amandataylor57070@2nd.md,795829,Male,Main Member,9366347088,CompanyB,987 Maple Dr,795829,Sandwich,
Elizabeth,Taylor,11/29/2014,qatest+elizabethtaylor93625@2nd.md,795829D01,Male,Dependent,8519146783,CompanyB,987 Maple Dr,795829,Sandwich,
Angela,Taylor,5/13/2000,qatest+angelataylor28332@2nd.md,795829D02,Female,Dependent,1510405609,CompanyB,987 Maple Dr,795829,Sandwich,
Barbara,Taylor,10/16/2000,qatest+barbarataylor52901@2nd.md,795829D03,Male,Dependent,1524145277,CompanyB,987 Maple Dr,795829,Sandwich,
Richard,Thompson,9/22/1986,qatest+richardthompson17439@2nd.md,310731,Female,Main Member,1040661416,CompanyB,741 Birch Ct,310731,Burger,Toyota
Mark,Thompson,10/7/1990,qatest+markthompson17567@2nd.md,310731D01,Male,Dependent,4091798218,CompanyB,741 Birch Ct,310731,Burger,Toyota
Steven,Thompson,8/31/1965,qatest+steventhompson53888@2nd.md,310731D02,Male,Dependent,4980820978,CompanyB,741 Birch Ct,310731,Burger,Toyota
Richard,Wilson,7/9/1982,qatest+richardwilson25193@2nd.md,178408,Female,Main Member,3052438169,CompanyB,123 Main St,178408,Rice,Audi
David,Thomas,11/9/1967,qatest+davidthomas85443@2nd.md,905183,Male,Main Member,2752471694,CompanyB,741 Birch Ct,905183,Salad,Toyota
Amanda,Thomas,10/7/1984,qatest+amandathomas57196@2nd.md,905183D01,Male,Dependent,1941307229,CompanyB,741 Birch Ct,905183,Salad,Toyota
Charles,Thomas,2/25/1998,qatest+charlesthomas44937@2nd.md,905183D02,Male,Dependent,2060528090,CompanyB,741 Birch Ct,905183,Salad,Toyota
Steven,Thomas,7/18/1979,qatest+steventhomas65918@2nd.md,905183D03,Female,Dependent,3140467144,CompanyB,741 Birch Ct,905183,Salad,Toyota
Mark,Green,4/14/1985,qatest+markgreen84666@2nd.md,861072,Female,Main Member,2775543236,CompanyB,369 Spruce Pl,861072,Pasta,Toyota
Charles,Williams,10/28/2004,qatest+charleswilliams50731@2nd.md,354715,Male,Main Member,4344765488,CompanyB,456 Oak Ave,354715,Rice,Ford
Patricia,Williams,12/5/1984,qatest+patriciawilliams65863@2nd.md,354715D01,Male,Dependent,8142693790,CompanyB,456 Oak Ave,354715,Rice,Ford
David,Williams,8/22/1971,qatest+davidwilliams55626@2nd.md,354715D02,Female,Dependent,5430455462,CompanyB,456 Oak Ave,354715,Rice,Ford
Heather,Martinez,7/22/1965,qatest+heathermartinez55473@2nd.md,838497,Female,Main Member,4546291464,CompanyB,321 Cedar Ln,838497,Burger,Chevrolet
Charles,Martinez,2/17/1960,qatest+charlesmartinez22390@2nd.md,838497D01,Female,Dependent,7117914435,CompanyB,321 Cedar Ln,838497,Burger,Chevrolet
Anthony,Martinez,10/12/2002,qatest+anthonymartinez72723@2nd.md,838497D02,Female,Dependent,1975684015,CompanyB,321 Cedar Ln,838497,Burger,Chevrolet
Linda,Robinson,5/17/1994,qatest+lindarobinson14972@2nd.md,807079,Male,Main Member,9612677433,CompanyB,852 Willow Way,807079,Sushi,Honda
Patricia,Robinson,12/4/1989,qatest+patriciarobinson48002@2nd.md,807079D01,Female,Dependent,6247337936,CompanyB,852 Willow Way,807079,Sushi,Honda
Donald,Hernandez,2/10/1974,qatest+donaldhernandez12634@2nd.md,106975,Female,Main Member,3296810212,CompanyB,654 Elm Blvd,106975,Salad,Ford
Daniel,Clark,11/7/1971,qatest+danielclark77569@2nd.md,196214,Male,Main Member,9469622317,CompanyB,369 Spruce Pl,196214,Salad,Honda
Mark,Hernandez,7/31/1973,qatest+markhernandez76133@2nd.md,647437,Male,Main Member,9837709040,CompanyB,987 Maple Dr,647437,Sushi,Toyota
Mark,Allen,7/27/1961,qatest+markallen67732@2nd.md,135916,Male,Main Member,4268270557,CompanyB,456 Oak Ave,135916,,
John,Allen,12/11/2006,qatest+johnallen20331@2nd.md,135916D01,Female,Dependent,9803144305,CompanyB,456 Oak Ave,135916,,
Karen,Allen,9/20/1982,qatest+karenallen73139@2nd.md,135916D02,Female,Dependent,5372582901,CompanyB,456 Oak Ave,135916,,
James,King,3/19/1972,qatest+jamesking74887@2nd.md,530695,Male,Main Member,3632394530,CompanyB,159 Ash St,530695,Taco,Ford
Heather,Johnson,8/25/2011,qatest+heatherjohnson41108@2nd.md,503470,Female,Main Member,5135158818,CompanyB,741 Birch Ct,503470,Pasta,Honda
David,King,6/4/2005,qatest+davidking56009@2nd.md,595646,Male,Main Member,2723731543,CompanyB,123 Main St,595646,Pizza,BMW
Heather,Thompson,8/15/1984,qatest+heatherthompson67380@2nd.md,656275,Male,Main Member,3135524949,CompanyB,789 Pine Rd,656275,Sushi,Nissan
Nicole,Thompson,1/12/1974,qatest+nicolethompson53847@2nd.md,656275D01,Male,Dependent,9557050146,CompanyB,789 Pine Rd,656275,Sushi,Nissan
Paul,Allen,10/5/1974,qatest+paulallen22473@2nd.md,573218,Female,Main Member,4637584786,CompanyB,369 Spruce Pl,573218,Sushi,Chevrolet
Lisa,Allen,11/26/2012,qatest+lisaallen96695@2nd.md,573218D01,Male,Dependent,4056549176,CompanyB,369 Spruce Pl,573218,Sushi,Chevrolet
Richard,Johnson,11/7/1963,qatest+richardjohnson84205@2nd.md,957087,Female,Main Member,1212442918,CompanyB,987 Maple Dr,957087,Rice,Mercedes
Susan,Johnson,2/27/1996,qatest+susanjohnson50502@2nd.md,957087D01,Female,Dependent,8346026567,CompanyB,987 Maple Dr,957087,Rice,Mercedes
Mary,Johnson,4/28/1977,qatest+maryjohnson58172@2nd.md,957087D02,Male,Dependent,5900358643,CompanyB,987 Maple Dr,957087,Rice,Mercedes
Mary,Johnson,2/23/1999,qatest+maryjohnson14756@2nd.md,957087D03,Female,Dependent,5869857537,CompanyB,987 Maple Dr,957087,Rice,Mercedes
Stephanie,Nelson,6/16/1991,qatest+stephanienelson96957@2nd.md,153717,Male,Main Member,5147702096,CompanyB,321 Cedar Ln,153717,Rice,
Thomas,King,5/11/2014,qatest+thomasking34871@2nd.md,998026,Male,Main Member,4027555159,CompanyB,654 Elm Blvd,998026,,
Lisa,Allen,12/17/1973,qatest+lisaallen41701@2nd.md,990202,Female,Main Member,1997702073,CompanyB,789 Pine Rd,990202,Pizza,
Michelle,Davis,9/25/2002,qatest+michelledavis96669@2nd.md,538740,Female,Main Member,3536325554,CompanyB,987 Maple Dr,538740,Taco,Audi
John,Lewis,8/11/1991,qatest+johnlewis41804@2nd.md,837966,Male,Main Member,4197684331,CompanyB,987 Maple Dr,837966,Wrap,Audi
Melissa,Lewis,11/1/1997,qatest+melissalewis53963@2nd.md,837966D01,Male,Dependent,2596738324,CompanyB,987 Maple Dr,837966,Wrap,Audi
Karen,Harris,9/21/1972,qatest+karenharris13884@2nd.md,344008,Male,Main Member,4446234293,CompanyB,369 Spruce Pl,344008,Salad,Ford
Kenneth,Johnson,1/18/1967,qatest+kennethjohnson95014@2nd.md,818127,Female,Main Member,9578287850,CompanyB,159 Ash St,818127,Salad,Audi
Andrew,Thompson,2/18/2014,qatest+andrewthompson83414@2nd.md,709121,Female,Main Member,2338840033,CompanyB,321 Cedar Ln,709121,Taco,Tesla
Steven,Thompson,5/22/1982,qatest+steventhompson97650@2nd.md,972294,Male,Main Member,4668958746,CompanyB,741 Birch Ct,972294,Wrap,Ford
Barbara,Martinez,8/17/1988,qatest+barbaramartinez53837@2nd.md,907168,Female,Main Member,7306038796,CompanyB,654 Elm Blvd,907168,Pizza,Audi
Jessica,Jackson,6/16/2003,qatest+jessicajackson88875@2nd.md,130327,Male,Main Member,7449001831,CompanyB,852 Willow Way,130327,,Mercedes
Jessica,Williams,7/10/2010,qatest+jessicawilliams64364@2nd.md,376822,Male,Main Member,6561063958,CompanyB,123 Main St,376822,Taco,Nissan
Stephanie,Williams,10/14/1965,qatest+stephaniewilliams62374@2nd.md,376822D01,Female,Dependent,6715080564,CompanyB,123 Main St,376822,Taco,Nissan
Lisa,Williams,6/23/1977,qatest+lisawilliams98678@2nd.md,376822D02,Female,Dependent,6511371094,CompanyB,123 Main St,376822,Taco,Nissan
Matthew,Williams,4/18/1967,qatest+matthewwilliams27193@2nd.md,376822D03,Female,Dependent,2470996616,CompanyB,123 Main St,376822,Taco,Nissan
Daniel,Thompson,10/23/1998,qatest+danielthompson27066@2nd.md,444933,Male,Main Member,8155683682,CompanyB,123 Main St,444933,Pasta,BMW
Donald,Thompson,5/14/1969,qatest+donaldthompson84809@2nd.md,444933D01,Female,Dependent,4491940680,CompanyB,123 Main St,444933,Pasta,BMW
Jennifer,Thompson,7/13/1973,qatest+jenniferthompson15966@2nd.md,444933D02,Female,Dependent,6507780699,CompanyB,123 Main St,444933,Pasta,BMW
Charles,Robinson,4/13/1984,qatest+charlesrobinson34200@2nd.md,548640,Female,Main Member,4339268037,CompanyB,456 Oak Ave,548640,Pizza,BMW
Donald,Robinson,2/5/1997,qatest+donaldrobinson52074@2nd.md,548640D01,Female,Dependent,9763280199,CompanyB,456 Oak Ave,548640,Pizza,BMW
